Binzhou City,Thành phố Tân Châu
Shandong Province,tỉnh Sơn Đông
Mr. Liu Hongji,Ông Lưu Hồng Cát
Fuyang City,Thành phố Phụ Dương
Anhui Province,tỉnh An Huy
Ms. Liu Fengyun,Bà Lưu Phong Vân
Ms. Mei Xinying,bà Mai Tân Anh
Jingmen City,Thành phố Kinh Môn
Hubei Province,tỉnh Hồ Bắc
Mr. Liu Deyu,Ông Liễu Đức Ngọc
Taiyuan City,Thành phố Thái Nguyên
Shanxi Province,tỉnh Sơn Tây
Mr. Shen Guosheng,Ông Thân Quốc Thắng
Shanghai,Thượng Hải
Mr. He Binggang,Ông Hà Băng Cương
Ms. Zhang Yibo Put,bà Trương Dật Bác
Dunhua City,Thành phố Đôn Hóa
Jilin Province,tỉnh Cát Lâm
Hanzhong City,Thành phố Hán Trung
Shaanxi Province,tỉnh Thiểm Tây
Ms. Mu Caiying,Bà Mưu Thải Anh
Daqing City,Thành phố Đại Khánh
Heilongjiang Province,tỉnh Hắc Long Giang
Ms. Liu Guifen,Bà Lưu Quế Phân
Beijing,Bắc Kinh
Mr.,Ông Tôn Đức Lợi
Qinglong County,Huyện Thanh Long
Hebei Province,tỉnh Hà Bắc
Ms. Wang Wenjie,Bà Vương Văn Kiệt
Dalian City,Thành phố Đại Liên
Liaoning Province,tỉnh Liêu Ninh
Shijiazhuang City,Thành phố Thạch Gia Trang
Hebei Province,tỉnh Hà Bắc
Ms. Ma Xiujuan,Bà Mã Tú Quyên
Jiujiang City,Thành phố Cửu Giang
Jiangxi Province,tỉnh Giang Tây
Ms. Liu Yanxue,Bà Lưu Ngạn Học
Shenyang City,Thành phố Thẩm Dương
Liaoning Province,tỉnh Liêu Ninh
Ms. Liang Shuzhi,Bà Lương Thục Trí
Zhangjiakou City,Thành phố Trương Gia Khẩu
Hebei Province,tỉnh Hà Bắc
Ms. Hu Ping,Bà Hồ Bình
Ms. Liu Suying,bà Lưu Tố Anh
Weihai City,Thành phố Uy Hải
Shandong Province,tỉnh Sơn Đông
Ms. Qiao Wenlan,Bà Kiều Văn Lan
Hanzhong City,Thành phố Hán Trung
Shaanxi Province,tỉnh Thiểm Tây
Ms. Liu Guilan,Bà Lưu Quế Lan
Shanghai,Thượng Hải
Mr. Liu Shunming,Ông Lưu Thuận Minh
Xichang City,Thành phố Tây Xương
Sichuan Province,tỉnh Tứ Xuyên
Ms. Ning Guoqiong,Con bà Ninh Quốc Quỳnh
Shanwei City,Thành phố Sán Vĩ
Guangdong Province,tỉnh Quảng Đông
Mr. Li Hongtao,Ông Lê Hồng Đào
Langfang City,Thành phố Lang Phường
Hebei Province,tỉnh Hà Bắc
Jilin City,Thành phố Cát Lâm
Jilin Province,tỉnh Cát Lâm
Ms. Ding Hairong,Bà Đinh Hải Vinh
Shuangyashan City,Thành phố Song Áp Sơn
Heilongjiang Province,tỉnh Hắc Long Giang
Ms. Yang Liping,Bà Dương Lệ Bình
Ms. Zhang Dongyun,bà Trương Đông Vân
Yantai City,Thành phố Yên Đài
Shandong Province,tỉnh Sơn Đông
Mr. Liu Jinbo,Ông Lưu Tiến Ba
Daqing City,Thành phố Đại Khánh
Heilongjiang Province,tỉnh Hắc Long Giang
Shulan City,Thành phố Thư Lan
Jilin Province,tỉnh Cát Lâm
Mr. Li Bingku,Ông Lý Bính Khố
Chongqing,Trùng Khánh
Linqing City,Thành phố Lâm Thanh
Shandong Province,tỉnh Sơn Đông
Ms. Zhou Enbo,Bà Chu Ân Ba
Jixi City,Thành phố Kê Tây
Heilongjiang Province,tỉnh Hắc Long Giang
Ms. Zhang Zuojun,Bà Trương Tác Quân
Ms. Shi Xiaochun,bà Sử Hiểu Xuân
"Xiaogan City , Hubei Province",Thành phố Hiếu Cảm
Mr. Zhang Detang,tỉnh Hồ Bắc
Nong’an County,Huyện Nông An
Jilin Province,tỉnh Cát Lâm
Ms. Yu Fengzhen,Bà Vu Phượng Trân
Ms.,bà Vu Vĩnh Cần
Daqing City,Thành phố Đại Khánh
Heilongjiang Province,tỉnh Hắc Long Giang
Ms. Li Rong,Bà Lý Vinh
Zhanjiang City,Thành phố Trạm Giang
Guangdong Province,tỉnh Quảng Đông
Ms. Su Chengfang,Bà Thư Thành Phương
Ms. Li Huan,bà Lý Hoàn
Qiqihar City,Thành phố Tề Tề Cáp Nhĩ
Heilongjiang Province,tỉnh Hắc Long Giang
Ms. Zhang Jiqiu,Bà Trương Kế Thu
Nanjing City,Thành phố Nam Kinh
Jiangsu Province,tỉnh Giang Tô
Mr. Zhang Weifeng Faces,Ông Trương Duy Phong
Fushun City,Thành phố Phủ Thuận
Liaoning Province,tỉnh Liêu Ninh
Ms. Sun Wenwen,Bà Tôn Văn Ổn
Shulan City,Thành phố Thư Lan
Jilin Province,tỉnh Cát Lâm
Ms. Tian Fengju,Bà Điền Phượng Cử
"Xianning City , Hubei Province",Thành phố Hàm Ninh
Ms. Mei Xinhua,tỉnh Hồ Bắc
Nanjing City,Thành phố Nam Kinh
Jiangsu Province,tỉnh Giang Tô
Ms. Hu Cuilan Abused,Bà Hồ Thúy Lan
Meizhou City,Thành phố Mai Châu
Guangdong Province,tỉnh Quảng Đông
Ms. Wang Xianghua,Bà Vương Hướng Hoa
Rizhao City,Thành phố Nhật Chiếu
Shandong Province,tỉnh Sơn Đông
Harbin City,Thành phố Cáp Nhĩ Tân
Heilongjiang Province,tỉnh Hắc Long Giang
Ms. Fu Li,Bà Phó Lệ
Linfen City,Thành phố Lâm Phần
Shanxi Province,tỉnh Sơn Tây
Ms. Lu Xijuan,Bà Lộ Hy Quyên
Zhuozhou City,Thành phố Trác Châu
Hebei Province,tỉnh Hà Bắc
Ms. Wang Cuiying,Bà Vương Thúy Anh
Ms. Zhang Suxia,bà Trương Tố Hà
Liaocheng City,Thành phố Liêu Thành
Shandong Province,tỉnh Sơn Đông
Ms. Ma Fengmei,Bà Mã Phượng Mai
Ms. Chen Lingling,bà Trần Linh Linh
Linkou County,Huyện Lâm Khẩu
Heilongjiang Province,tỉnh Hắc Long Giang
Mr. Liu Benzhi,Ông Lưu Bản Chi
Jiamusi City,Thành phố Giai Mộc Tư
Heilongjiang Province,tỉnh Hắc Long Giang
Ms. Qin Yuzhen,Bà Tần Ngọc Trân
Yantai City,Thành phố Yên Đài
Shandong Province,tỉnh Sơn Đông
Ms. Zhao Xiping,Bà Triệu Hy Bình
Xi’an City,Thành phố Tây An
Shaanxi Province,tỉnh Thiểm Tây
Ms. Liu Chunxia,Bà Lưu Xuân Hà
Jingzhou City,Thành phố Kinh Châu
Hubei Province ],tỉnh Hồ Bắc
Guangyuan City,Thành phố Quảng Nguyên
Sichuan Province,tỉnh Tứ Xuyên
Chongqing,Trùng Khánh
Mr. Dai Xianming,Ông Đái Tiên Minh
Donggang City,Thành phố Đông Cảng
Liaoning Province,tỉnh Liêu Ninh
Ms. Wang Xiuhua,Bà Vương Tú Hoa
Baoding City,Thành phố Bảo Định
Hebei Province,tỉnh Hà Bắc
Mr. Zhang Baosheng,Ông Trương Bảo Sinh
Handan City,Thành phố Hàm Đan
Hebei Province,tỉnh Hà Bắc
Ms. Wang Yuying,Bà Vương Ngọc Anh
Jilin City,Thành phố Cát Lâm
Jilin Province,tỉnh Cát Lâm
Ms. Liu Guihua,Bà Lưu Quế Hoa
Pizhou City,Thành phố Bi Châu
Jiangsu Province,tỉnh Giang Tô
Ms. Dai Ping ’s,Nhà bà Đái Bình
"Shenyang City , Liaoning Province",Thành phố Thẩm Dương
Ms. Liang Shuzhi Faces,tỉnh Liêu Ninh
Shijiazhuang City,Thành phố Thạch Gia Trang
Hebei Province,tỉnh Hà Bắc
Ms.,Bà Hà Giai Ninh
Jiaozhou City,Thành phố Giao Châu
Shandong Province,tỉnh Sơn Đông
Mr. Zhao Hongping,Ông Triệu Hồng Bình
Yushu City,Thành phố Du Thụ
Jilin Province,tỉnh Cát Lâm
Ms. Zhang Shuxiang,Bà Trương Thục Hương
Qingdao City,Thành phố Thanh Đảo
Shandong Province,tỉnh Sơn Đông
Harbin City,Thành phố Cáp Nhĩ Tân
Heilongjiang Province,tỉnh Hắc Long Giang
Mr. Zhao Yukun,Ông Triệu Ngọc Khôn
Jinzhou City,Thành phố Cẩm Châu
Liaoning Province,tỉnh Liêu Ninh
Mr. Jiang Yongjin,Ông Khương Vĩnh Kim
Beijing,Bắc Kinh
Ms. Liu Jingfang,Bà Lưu Cảnh Phương
Weifang City,Thành phố Duy Phường
Shandong Province,tỉnh Sơn Đông
Ms. Xu Guizhen,Bà Hứa Quế Trân
Changchun City,Thành phố Trường Xuân
Jilin Province,tỉnh Cát Lâm
Mr. Pan,Ông Phan
Ms. Wang,bà Vương
Chongqing,Trùng Khánh
Ms. Chen Ping,Bà Trần Bình
Baoding City,Thành phố Bảo Định
Hebei Province,tỉnh Hà Bắc
Mr. Wang Yanhui,Ông Vương Ngạn Huy
Changchun City,Thành phố Trường Xuân
Jilin Province,tỉnh Cát Lâm
Ms. Wang Liyan,Bà Vương Lệ Diễm
Maoming City,Thành phố Mậu Danh
Guangdong Province,tỉnh Quảng Đông
Mr. Lin Wu,Phiên ông Lâm Vũ
Linfen City,Thành phố Lâm Phần
Shanxi Province,tỉnh Sơn Tây
Ms. Guo Fenglian,Bà Quách Phượng Liên
"Xianning City , Hubei Province",Thành phố Hàm Ninh
Ms. Yang Dongxiang,tỉnh Hồ Bắc
Mr. Zhou Hongda,Bà Dương Đông Hương
Changchun City,Thành phố Trường Xuân
Jilin Province ],tỉnh Cát Lâm
Lingyuan City,Thành phố Lăng Nguyên
Liaoning Province,tỉnh Liêu Ninh
Mr. Han Ximin,Ông Hàn Tích Mẫn
Ms. Du Qingxiu,bà Đỗ Thanh Tú
Tianjin,Thiên Tân
Ms. Zhou Shuwen,Bà Chu Thục Vân
Lingyuan City,Thành phố Lăng Viễn
Liaoning Province,tỉnh Liêu Ninh
Yancheng City,Thành phố Diêm Thành
Jiangsu Province,tỉnh Giang Tô
Kangping County,Huyện Khang Bình
Liaoning Province,tỉnh Liêu Ninh
Mr. Li Bing,Ông Lý Băng
Shijiazhuang City,Thành phố Thạch Gia Trang
Hebei Province,tỉnh Hà Bắc
Ms. Ma Xiujuan,Bà Mã Tú Quyên
Tieling City,Thành phố Thiết Lĩnh
Liaoning Province,tỉnh Liêu Ninh
Anshan City,Thành phố An Sơn
Liaoning Province,tỉnh Liêu Ninh
Mr. Zhao Yubo,Ông Triệu Ngọc Bác
Gong’an County,Huyện Công
Hubei Province ],tỉnh Hồ Bắc
Baishan City,Thành phố Bạch Sơn
Jilin Province,tỉnh Cát Lâm
Mr. Sun Changping,Ông Tôn Trường Bình
Qixia City,Thành phố Tê Hà
Shandong Province,tỉnh Sơn Đông
Ms. Mu Lanying,Bà Mâu Lan Anh
Ms. Sun Shuxiang,bà Tôn Thục Hương
Wu’an City,Thành phố Vũ An
Hebei Province,tỉnh Hà Bắc
Ms. Du Jiying,Bà Đỗ Kỷ Anh
Changchun City,Thành phố Trường Xuân
Jilin Province,tỉnh Cát Lâm
Ms. Wang Liyan,Bà Vương Lệ Diễm
Maoming City,Thành phố Mậu Danh
Guangdong Province,tỉnh Quảng Đông
Mr. Lin Wu,Phiên ông Lâm Vũ
Linfen City,Thành phố Lâm Phần
Shanxi Province,tỉnh Sơn Tây
Ms. Guo Fenglian,Bà Quách Phượng Liên
Yancheng City,Thành phố Diêm Thành
Jiangsu Province,tỉnh Giang Tô
Kangping County,Huyện Khang Bình
Liaoning Province,tỉnh Liêu Ninh
Mr. Li Bing,Ông Lý Băng
Chongqing,Trùng Khánh
Ms. Xu Xiaoqin,Bà Hứa Hiểu Cầm
Changchun City,Thành phố Trường Xuân
Jilin Province,tỉnh Cát Lâm
Ms. Li Cong Tortured,Bà Lý Thông
Wulian County,Huyện Ngũ Liên
Shandong Province,tỉnh Sơn Đông
Jinzhou City,Thành phố Cẩm Châu
Liaoning Province,tỉnh Liêu Ninh
Ms. Qin Jielan,Bà Tần Kiệt Lan
Harbin City,Thành phố Cáp Nhĩ Tân
Heilongjiang Province,tỉnh Hắc Long Giang
Ms.,Bà Sa Thục Diễm
Dalian City,Thành phố Đại Liên
Liaoning Province,tỉnh Liêu Ninh
Ms.,Bà Hà
Ms. Lu,bà Lữ
Taiyuan City,Thành phố Thái Nguyên
Shanxi Province,tỉnh Sơn Tây
Ms. Zhang Liwen,Tin bà Trương Lợi Văn
Ms. Zhou Linyan,bà Chu Lâm Nhãn
Dongying City,Thành phố Đông Dinh
Shandong Province,tỉnh Sơn Đông
Mr. Zhou Deyong,Ông Chu Đức Dũng
Guangzhou City,Thành phố Quảng Châu
Guangdong Province,tỉnh Quảng Đông
Ms. Qiu Chunmei,Bà Khâu Xuân Mai
Weifang City,Thành phố Duy Phường
Shandong Province,tỉnh Sơn Đông
Ms. Li Ailian,Bà Lý Ái Liên
Liaocheng City,Thành phố Liêu Thành
Shandong Province,tỉnh Sơn Đông
Ms. Fan Yuping,Bà Phạm Ngọc Bình
Chongqing,Trùng Khánh
Mulan County,Huyện Mộc Lan
Heilongjiang Province,tỉnh Hắc Long Giang
Ms. Tao Yongxian,Bà Đào Vĩnh Hiền
Yangquan City,Thành phố Dương Tuyền
Shanxi Province,tỉnh Sơn Tây
Ms. Zhang Ruiping,Bà Trương Thụy Bình
Qiqihar City,Thành phố Tề Tề Cáp Nhĩ
Heilongjiang Province,tỉnh Hắc Long Giang
Ms. Yuan Hongying,Bà Viên Hồng Anh
Zhangjiakou City,Thành phố Trương Gia Khẩu
Hebei Province,tỉnh Hà Bắc
Harbin City,Thành phố Cáp Nhĩ Tân
Heilongjiang Province,tỉnh Hắc Long Giang
Qiqihar City,Thành phố Tề Tề Cáp Nhĩ
Heilongjiang Province,tỉnh Hắc Long Giang
Ms. Yuan Hongying,Bà Viên Hồng Anh
Laixi City,Thành phố Lai Tây
Shandong Province,tỉnh Sơn Đông
Ms. Quan Wenjiao,Bà Toàn Văn Kiểu
Xi’an City,Thành phố Tây An
Shaanxi Province,tỉnh Thiểm Tây
Ms. Han Qiuli,Bà Hàn Thu Lợi
Chongqing,Trùng Khánh
Mr. Fan Guoqing,Nhà ông Phàm Quốc Khánh
Xianyang City,Thành phố Hàm Dương
Shaanxi Province ],tỉnh Thiểm Tây
Dalian City,Thành phố Đại Liên
Liaoning Province,tỉnh Liêu Ninh
Gu Li,Học Cốc Lệ
Baoding City,Thành phố Bảo Định
Hebei Province,tỉnh Hà Bắc
Ms. Deng Guoying,Bà Đặng Quốc Anh
Xinyu City,Thành phố Tân Dư
Jiangxi Province,tỉnh Giang Tây
Ms. Zhan Jinlian,Bà Chiêm Kim Liên
Beijing,Bắc Kinh
Wang Yanmei,Học Vương Nham Mai
Taiyuan City,Thành phố Thái Nguyên
Shanxi Province,tỉnh Sơn Tây
Mr. Hou Lijun,Ông Hầu Lợi Quân
Wuhan City,Thành phố Vũ Hán
Hubei Province,tỉnh Hồ Bắc
Ms. Zhu Huimin,Bà Chu Huệ Mẫn
Shouguang City,Thành phố Thọ Quang
Shandong Province,tỉnh Sơn Đông
Ms. Zhang Shufeng,Bà Trương Thụ Phượng
Beijing,Bắc Kinh
Baoding City,Thành phố Bảo Định
Hebei Province,tỉnh Hà Bắc
Ms. Hu Shenhua,Bà Hồ Trầm Hoa
Wanzai County,Huyện Vạn Tái
Jiangxi Province,tỉnh Giang Tây
Suiling County,Huyện Tuy Lăng
Heilongjiang Province,tỉnh Hắc Long Giang
Suining City,Thành phố Toại Ninh
Sichuan Province,tỉnh Tứ Xuyên
Ms. Zhang Chengzhen,Bà Trương Thành Trân
Zibo City,Thành phố Truy Bác
Shandong Province,tỉnh Sơn Đông
Mr. Wang Liang,Ông Vương Lượng
Dehui City,Thành phố Đức Huệ
Jilin Province,tỉnh Cát Lâm
Ms. Xie Yunxiang,Bà Tạ Vân Hương
Qingdao City,Thành phố Thanh Đảo
Shandong Province,tỉnh Sơn Đông
Mr. Zhao Yougong,Ông Triệu Hữu Công
Harbin City,Thành phố Cáp Nhĩ Tân
Heilongjiang Province,tỉnh Hắc Long Giang
Ms.,Bà Tôn Hà
Beijing,Bắc Kinh
Wuhan City,Thành phố Vũ Hán
Hubei Province,tỉnh Hồ Bắc
Mr. Tao,Vợ ông Đào
Qingdao City,Thành phố Thanh Đảo
Shandong Province,tỉnh Sơn Đông
Ms. Li Guiping,Bà Lý Quế Bình
Ms. Jiang Kuihua,bà Khương Quỳ Hoa
Harbin City,Thành phố Cáp Nhĩ Tân
Heilongjiang Province,tỉnh Hắc Long Giang
Dapeng,Đại Bằng
Xiaoguo,Tiểu Quách
Changchun City,Thành phố Trường Xuân
Jilin Province,tỉnh Cát Lâm
Handan City,Thành phố Hàm Đan
Hebei Province,tỉnh Hà Bắc
Ms. Du Jiying,Bà Đỗ Kỷ Anh
Jilin City,Thành phố Cát Lâm
Jilin Province,tỉnh Cát Lâm
Ms. Zhu,Bà Chu Nga
Bin County,Huyện Tân
Heilongjiang Province,tỉnh Hắc Long Giang
Ms. Chen Yadong,Bà Trần Á Đông
Huai’an County,Huyện Hoài An
Hebei Province,tỉnh Hà Bắc
Mr. Ma Feilong,Ông Mã Phi Long
Weifang City,Thành phố Duy Phường
Shandong Province,tỉnh Sơn Đông
Mr. Chen Shougui,Ông Trần Thủ Quý
Mudanjiang City,Thành phố Mẫu Đơn Giang
Heilongjiang Province,tỉnh Hắc Long Giang
Ms. Zhu Yanhua,Bà Chu Diễm Hoa
Jinzhou City,Thành phố Cẩm Châu
Liaoning Province,tỉnh Liêu Ninh
Ms. Sun Lijuan,Bà Tôn Lệ Quyên
Zhangjiakou City,Thành phố Trương Gia Khẩu
Hebei Province,tỉnh Hà Bắc
Baoding City,Thành phố Bảo Định
Hebei Province,tỉnh Hà Bắc
Mr. Wang Yanhui,Ông Vương Ngạn Huy
Hefei City,Thành phố Hợp Phì
Anhui Province,tỉnh An Huy
Miluo City,Thành phố Mịch La
Hunan Province,tỉnh Hồ Nam
Mr. Wu Pengcheng,Ông Ngô Bằng Trình
Liaocheng City,Thành phố Liêu Thành
Shandong Province,tỉnh Sơn Đông
Ms. Yin Junmei,Bà Doãn Tuấn Mai
Huai’an City,Thành phố Hoài An
Jiangsu Province,tỉnh Giang Tô
Ms. Zhu Yunxia,Bà Chu Vân Hà
Ms. Lin Fengying,bà Lâm Phong Anh
Weifang City,Thành phố Duy Phường
Shandong Province,tỉnh Sơn Đông
Mr. Liu Jiageng,Ông Lưu Gia Canh
Dezhou City,Thành phố Đức Châu
Shandong Province,tỉnh Sơn Đông
Ms.,Bà Phạm Sỹ Linh
Mei County,Huyện Mai
Guangdong Province,tỉnh Quảng Đông
Ms. Wang Xianghua,Bà Vương Hướng Hoa
Harbin City,Thành phố Cáp Nhĩ Tân
Heilongjiang Province,tỉnh Hắc Long Giang
Langfang City,Thành phố Lang Phường
Hebei Province,tỉnh Hà Bắc
Ms. Gao Xiuzhi,Bà Cao Tú Chi
Ms. Li Shujun,bà Lý Thục Quân
Huludao City,Thành phố Hồ Lô Đảo
Liaoning Province,tỉnh Liêu Ninh
Ms. Wu Shuling,Bà Ngô Thục Linh
Jilin City,Thành phố Cát Lâm
Jilin Province,tỉnh Cát Lâm
Ms. Yao Yan,Bà Diêu Yến
Ms. Yu Chen,bà Vu Sâm
Cangzhou City,Thành phố Thương Châu
Hebei Province,tỉnh Hà Bắc
Ms.,Bà Hà Hiểu Yến
Hui County,Huyện Huy
Henan Province,tỉnh Hà Nam
Mr. Yang Jinhan,Ông Dương Kim Hàn
