https://en.minghui.org/html/articles/2023/10/12/212449.html,https://vn.minghui.org/news/255061-tin-tuc-bo-sung-ve-cuoc-buc-hai-tu-trung-quoc-ngay-1-thang-10-nam-2023.html
https://en.minghui.org/html/articles/2023/10/5/212362.html,https://vn.minghui.org/news/255059-tin-tuc-bo-sung-ve-cuoc-buc-hai-tu-trung-quoc-ngay-27-thang-9-nam-2023.html
https://en.minghui.org/html/articles/2023/10/2/212320.html,https://vn.minghui.org/news/254954-tin-tuc-bo-sung-ve-cuoc-buc-hai-tu-trung-quoc-ngay-21-thang-9-nam-2023.html
https://en.minghui.org/html/articles/2023/9/27/211507.html,https://vn.minghui.org/news/254814-tin-tuc-bo-sung-ve-cuoc-buc-hai-tai-trung-quoc-ngay-14-thang-9-nam-2023.html
https://en.minghui.org/html/articles/2023/9/26/211494.html,https://vn.minghui.org/news/254780-tin-tuc-bo-sung-ve-cuoc-buc-hai-tu-trung-quoc-ngay-12-thang-9-nam-2023.html
https://en.minghui.org/html/articles/2023/9/19/211395.html,https://vn.minghui.org/news/254611-tin-tuc-bo-sung-ve-cuoc-buc-hai-tai-trung-quoc-ngay-8-thang-9-nam-2023.html
https://en.minghui.org/html/articles/2023/9/19/211394.html,https://vn.minghui.org/news/254546-tin-tuc-bo-sung-ve-cuoc-buc-hai-tai-trung-quoc-ngay-7-thang-9-nam-2023.html
https://en.minghui.org/html/articles/2023/9/18/211376.html,https://vn.minghui.org/news/254542-tin-tuc-bo-sung-ve-cuoc-buc-hai-tai-trung-quoc-ngay-6-thang-9-nam-2023.html
https://en.minghui.org/html/articles/2023/9/21/211425.html,https://vn.minghui.org/news/254379-tin-tuc-bo-sung-ve-buc-hai-tu-trung-quoc-ngay-11-thang-9-nam-2023.html
https://en.minghui.org/html/articles/2023/9/12/211292.html,https://vn.minghui.org/news/252435-tin-tuc-bo-sung-ve-buc-hai-tu-trung-quoc-ngay-31-thang-8-nam-2023.html
https://en.minghui.org/html/articles/2023/9/10/211263.html,https://vn.minghui.org/news/252433-tin-tuc-bo-sung-ve-buc-hai-tu-trung-quoc-ngay-16-thang-8-nam-2023.html
